USE emp_tracker;

INSERT INTO department (id, name)
VALUES
(1, 'Executive Management'),
(2, 'Facilities Management'),
(3, 'Finance'),
(4, 'Fleet Management'),
(5, 'Human Resources'),
(6, 'Information Technology'),
(7, 'Legal'),
(8, 'Sales');

INSERT INTO role (id, title, salary, department_id) 
VALUES
(1, 'President', 280000.00, 1),
(2, 'Network Administrator', 98744.80, 6),
(3, 'Accountant', 94640.00, 3),
(4, 'HR Professional', 82712.00, 5),
(5, 'Salesperson ', 106400.00, 8),
(6, 'Facilities Manager', 168000.00, 2),
(7, 'Developer Jr', 95200.00, 6),
(8, 'Administrative Assistant I', 75544.00, 1),
(9, 'Help Desk II', 60396.00, 6),
(10, 'Cyber Security Lead', 161571.20, 6),
(11, 'Grounds Keeper', 28276.00, 2),
(12, 'Developer Sr', 162400.00, 6),
(13, 'Help Desk I', 48076.00, 6),
(14, 'Vehicle Specialist II', 53032.00, 4),
(15, 'Help Desk Lead', 68396.00, 6),
(16, 'Lawyer', 147840.00, 7),
(17, 'Cyber Security II', 139171.20, 6),
(18, 'Mechanic', 58800.00, 4),
(19, 'Database Engineer', 124300.96, 6),
(20, 'Electrician', 72800.00, 2),
(21, 'Network Lead', 150078.88, 6),
(22, 'Plumber', 64960.00, 2),
(23, 'Developer Lead', 166320.00, 6),
(24, 'Cyber Security I', 127937.60, 6),
(25, 'Finance Manager', 168000.00, 3),
(26, 'Fleet Manager', 168000.00, 4),
(27, 'Human Resources Manager', 168000.00, 5),
(28, 'IT Manager', 168000.00, 6),
(29, 'Legal Manager', 168000.00, 7),
(30, 'Sales Manager', 168000.00, 8),
(31, 'Administrative Assistant II', 75544.00, 2),
(32, 'Administrative Assistant III', 75544.00, 3),
(33, 'Administrative Assistant IV', 75544.00, 4),
(34, 'Administrative Assistant V', 75544.00, 5),
(35, 'Administrative Assistant VI', 75544.00, 6),
(36, 'Administrative Assistant VII', 75544.00, 7),
(37, 'Administrative Assistant VIII', 75544.00, 8);

INSERT INTO employee (id, first_name, last_name, role_id, manager_id)
VALUES
(1, 'Aubrey', 'Beardsley', 1, NULL),
(2, 'William', 'Bedford', 2, 53),
(3, 'Edward', 'Bellamy', 3, 16),
(4, 'Monica', 'Bellucci', 4, 31),
(5, 'Arnold', 'Bennett', 5, 59),
(6, 'Algernon', 'Blackwood', 6, 1),
(7, 'Rhoda', 'Broughton', 7, 55),
(8, 'Charles', 'Brown', 8, 1),
(9, 'Robert', 'Bruce', 9, 23),
(10, 'Octavia', 'Butler', 10, 39),
(11, 'Antoinette', 'Capet', 11, 6),
(12, 'William', 'Carleton', 2, 53),
(13, 'Dora', 'Carrington', 3, 16),
(14, 'Sissy', 'Coalpits', 33, 29),
(15, 'Wilkie', 'Collins', 7, 55),
(16, 'Dennis', 'Cooper', 25, 1),
(17, 'Hubert', 'Crackanthorpe', 12, 55),
(18, 'Hart', 'Crane', 36, 41),
(19, 'Samuel', 'Delany', 13, 23),
(20, 'Vitorio', 'DeSica', 7, 55),
(21, 'John', 'Dryden', 35, 10),
(22, 'Tony', 'Duvert', 14, 29),
(23, 'Ronald', 'Firbank', 15, 39),
(24, 'James', 'Fraser', 7, 55),
(25, 'Elizabeth', 'Gaskell', 3, 16),
(26, 'Piers', 'Gaveston', 12, 55),
(27, 'Peter', 'Greenaway', 7, 55),
(28, 'Gerald', 'Griffin', 16, 41),
(29, 'Susan', 'Hill', 26, 1),
(30, 'Derek', 'Jarman', 32, 16),
(31, 'Lionel', 'Johnson', 27, 1),
(32, 'Samuel', 'Johnson', 13, 23),
(33, 'Vernon', 'Lee', 7, 55),
(34, 'Charles', 'LeRoi', 5, 59),
(35, 'Matthew', 'Lewis', 4, 31),
(36, 'Jack', 'London', 7, 55),
(37, 'Tulse', 'Luper', 17, 10),
(38, 'Arthur', 'Machen', 5, 59),
(39, 'Katherine', 'Mansfield', 28, 1),
(40, 'Frederick', 'Marryat', 37, 59),
(41, 'Harriet', 'Martineau', 29, 1),
(42, 'George', 'Meredith', 5, 59),
(43, 'William', 'Morris', 2, 53),
(44, 'Margaret', 'Oliphant', 34, 31),
(45, 'Sydney', 'Owenson', 18, 29),
(46, 'Eliza', 'Parsons', 3, 16),
(47, 'Paolo', 'Pasolini', 12, 55),
(48, 'Alexander', 'Pope', 31, 6),
(49, 'Sandy', 'Powell', 19, 55),
(50, 'Anne', 'Radcliffe', 20, 6),
(51, 'George', 'Sand', 5, 59),
(52, 'George', 'Shaw', 16, 41),
(53, 'Montague', 'Summers', 21, 39),
(54, 'Anthony', 'Trollope', 22, 6),
(55, 'Horace', 'Walpole', 23, 39),
(56, 'Heathcote', 'Williams', 13, 23),
(57, 'Virginia', 'Woolf', 7, 55),
(58, 'Charlotte', 'Yonge', 5, 59),
(59, 'Emil', 'Zola', 30, 1),
(60, 'Unica', 'Zurn', 24, 10);